Date,FPT.VN,VNM.VN
2023-09-27,61812.1171875,64295.93359375
2023-09-28,61615.4765625,62785.06640625
2023-09-29,60828.89453125,62281.4375
2023-10-02,61091.0859375,63456.5546875
2023-10-03,60435.60546875,62113.56640625
2023-10-04,60632.25,62449.32421875
2023-10-05,60042.3125,61022.37890625
2023-10-06,60763.34765625,62281.4375
2023-10-09,62664.24609375,61861.75
2023-10-10,63123.0859375,62449.32421875
2023-10-11,63581.92578125,62449.32421875
2023-10-12,63188.63671875,63372.625
2023-10-13,62991.9921875,63624.4375
2023-10-16,63450.8359375,63120.8125
2023-10-17,61025.5390625,62785.06640625
2023-10-18,60959.9921875,62029.625
2023-10-19,60304.5078125,59931.19921875
2023-10-20,60894.4453125,60686.62890625
2023-10-23,59649.0234375,58923.94921875
2023-10-24,60304.5078125,59007.890625
2023-10-25,59583.48046875,57916.69921875
2023-10-26,56895.9921875,56237.95703125
2023-10-27,57027.08984375,57077.33203125
2023-10-30,55716.12109375,56741.58203125
2023-10-31,54405.15234375,57077.33203125
2023-11-01,55978.31640625,59091.81640625
2023-11-02,58338.05859375,59511.5078125
2023-11-03,57027.08984375,58756.07421875
2023-11-06,58010.31640625,59595.44921875
2023-11-07,57879.21484375,59427.56640625
2023-11-08,60697.79296875,59931.19921875
2023-11-09,60632.25,59343.6328125
2023-11-10,59976.765625,58420.32421875
2023-11-13,59911.21484375,57664.890625
2023-11-14,60697.79296875,57832.76953125
2023-11-15,60566.6953125,59343.6328125
2023-11-16,60959.9921875,59007.890625
2023-11-17,59649.0234375,58756.07421875
2023-11-20,59452.37890625,58168.51953125
2023-11-21,60238.9609375,58336.390625
2023-11-22,60959.9921875,58252.44921875
2023-11-23,59517.92578125,57664.890625
2023-11-24,59780.1171875,57329.140625
2023-11-27,59452.37890625,57161.26171875
2023-11-28,59714.5703125,57497.015625
2023-11-29,60107.86328125,57413.078125
2023-11-30,60238.9609375,56573.703125
2023-12-01,60566.6953125,57413.078125
2023-12-04,61353.28125,57748.82421875
2023-12-05,62139.86328125,57161.26171875
2023-12-06,62270.96484375,57497.015625
2023-12-07,61812.1171875,57413.078125
2023-12-08,61746.57421875,57916.69921875
2023-12-11,62270.96484375,58756.07421875
2023-12-12,63450.8359375,58252.44921875
2023-12-13,62402.0546875,57245.203125
2023-12-15,63057.54296875,57161.26171875
2023-12-18,61615.4765625,56237.95703125
2023-12-19,62008.765625,56237.95703125
2023-12-20,62074.31640625,57161.26171875
2023-12-21,62336.5078125,56909.453125
2023-12-22,62008.765625,56741.58203125
2023-12-25,62926.44140625,56993.3984375
2023-12-26,63713.01953125,57077.33203125
2023-12-27,63516.3828125,57077.33203125
2023-12-28,63319.73828125,57922.921875
2023-12-29,62991.9921875,57161.88671875
2024-01-02,62860.89453125,57753.8046875
2024-01-03,63123.0859375,58345.71484375
2024-01-04,63713.01953125,58345.71484375
2024-01-05,63844.1171875,58176.59375
2024-01-08,63778.56640625,57669.2421875
2024-01-09,63319.73828125,57584.68359375
2024-01-10,62074.31640625,57077.33203125
2024-01-11,62270.96484375,57415.5703125
2024-01-12,62074.31640625,56823.65625
2024-01-15,62533.15234375,56654.53515625
2024-01-17,62729.80078125,56739.09765625
2024-01-19,63123.0859375,57500.12890625
2024-01-22,63188.63671875,57753.8046875
2024-01-23,62664.24609375,57246.44921875
2024-01-24,62270.96484375,56908.21484375
2024-01-25,62270.96484375,56908.21484375
2024-01-26,62860.89453125,56654.53515625
2024-01-29,62860.89453125,56654.53515625
2024-01-30,62664.24609375,56569.98046875
2024-01-31,62729.80078125,56654.53515625
2024-02-01,65482.828125,57077.33203125
2024-02-02,65482.828125,57077.33203125
2024-02-05,67842.5703125,57500.12890625
2024-02-06,68235.8671875,57161.88671875
2024-02-07,68760.25,57161.88671875
2024-02-15,68170.3046875,57161.88671875
2024-02-16,68891.34375,59191.30078125
2024-02-19,68825.8046875,60797.92578125
2024-02-20,68366.9609375,60459.69140625
2024-02-21,69415.734375,60290.57421875
2024-02-22,68563.6015625,60544.25390625
2024-02-23,68104.765625,60036.890625
2024-02-26,70792.2421875,60036.890625
2024-02-27,70726.703125,60882.484375
2024-02-28,71120.0,61051.6015625
2024-02-29,71447.7421875,60882.484375
2024-03-01,72627.609375,60459.69140625
2024-03-04,73020.90625,60882.484375
2024-03-05,72562.046875,61728.078125
2024-03-06,71513.28125,60713.375
2024-03-07,72955.3515625,60882.484375
2024-03-08,72103.2109375,59191.30078125
2024-03-11,72103.2109375,59444.98828125
2024-03-12,73348.6328125,59191.30078125
2024-03-13,76691.6015625,59867.76953125
2024-03-14,76691.6015625,59614.10546875
2024-03-15,76036.1171875,58928.87890625
2024-03-18,74069.671875,58158.0078125
2024-03-19,73414.1796875,58072.35546875
2024-03-20,75052.890625,58243.66015625
2024-03-21,76167.2109375,58586.2734375
2024-03-22,75315.0859375,58072.35546875
2024-03-25,74725.140625,57644.09375
2024-03-26,75380.640625,57986.703125
2024-03-27,75511.734375,57986.703125
2024-03-28,76757.140625,57986.703125
2024-03-29,76363.8671875,57901.05078125
2024-04-01,76560.515625,57387.13671875
2024-04-02,76691.6015625,57644.09375
2024-04-03,75446.1875,57130.1796875
2024-04-04,74725.140625,58414.96484375
2024-04-05,74528.5,58158.0078125
2024-04-08,73807.4765625,57387.13671875
2024-04-09,74069.671875,57387.13671875
2024-04-10,74594.0546875,57215.828125
2024-04-11,75315.0859375,57044.53125
2024-04-12,75708.3828125,57130.1796875
2024-04-15,73151.9921875,55588.43359375
2024-04-16,74069.671875,54817.5625
2024-04-17,73283.078125,54988.8671875
2024-04-19,71447.7421875,54988.8671875
2024-04-22,72299.8671875,54817.5625
2024-04-23,73610.8203125,54389.296875
2024-04-24,78723.59375,54817.5625
2024-04-25,80755.6171875,55417.12890625
2024-04-26,80755.6171875,55674.08984375
2024-05-02,83443.078125,56016.69921875
2024-05-03,82525.4140625,56188.00390625
2024-05-06,83639.734375,56359.30859375
2024-05-07,86065.015625,58243.66015625
2024-05-08,85868.375,58158.0078125
2024-05-09,85409.53125,57044.53125
2024-05-10,85868.375,56958.875
2024-05-13,85016.2421875,56359.30859375
2024-05-14,85540.6328125,56958.875
2024-05-15,87900.3828125,57387.13671875
2024-05-16,88752.5078125,57558.44140625
2024-05-17,88162.5625,57387.13671875
2024-05-20,87179.34375,56873.2265625
2024-05-21,89145.796875,56701.9140625
2024-05-22,90456.75,56359.30859375
2024-05-23,90129.0234375,57387.13671875
2024-05-24,86458.3125,56530.61328125
2024-05-27,87048.25,56616.265625
2024-05-28,89801.28125,57215.828125
2024-05-29,88949.1484375,56787.56640625
2024-05-30,88490.3125,56273.65625
2024-05-31,88228.1171875,56016.69921875
2024-06-03,88228.1171875,56016.69921875
2024-06-04,91177.7890625,56530.61328125
2024-06-05,91833.28125,58671.921875
2024-06-06,91505.5390625,57558.44140625
2024-06-07,93078.6953125,58072.35546875
2024-06-10,94389.65625,57558.44140625
2024-06-11,96028.3828125,56958.875
2024-06-12,100289.6875,57387.13671875
2024-06-13,98770.15625,57301.48828125
2024-06-14,99529.9296875,56701.9140625
2024-06-17,97858.421875,56530.61328125
2024-06-18,97250.6171875,56444.9609375
2024-06-19,99909.8046875,55931.046875
2024-06-20,101277.390625,56530.61328125
2024-06-21,103404.7578125,56530.61328125
2024-06-24,100365.6640625,56102.35546875
2024-06-25,98770.15625,56102.35546875
2024-06-26,100137.7421875,55845.390625
2024-06-27,100897.5078125,55931.046875
2024-06-28,99150.03125,56102.35546875
2024-07-01,97706.4765625,56530.61328125
2024-07-02,97250.6171875,56701.9140625
2024-07-03,99529.9296875,56701.9140625
2024-07-04,103176.8203125,56873.2265625
2024-07-05,105380.15625,57558.44140625
2024-07-08,106063.953125,57901.05078125
2024-07-09,104468.4296875,57815.40234375
2024-07-10,101809.2265625,57215.828125
2024-07-11,101049.46875,56787.56640625
2024-07-12,101657.28125,56787.56640625
2024-07-15,100821.53125,56701.9140625
2024-07-16,101809.2265625,56616.265625
2024-07-17,100213.71875,56273.65625
2024-07-18,97174.6328125,56444.9609375
2024-07-19,95731.0625,55931.046875
2024-07-22,94287.5078125,56016.69921875
2024-07-23,95351.1875,56444.9609375
2024-07-24,95731.0625,56188.00390625
2024-07-25,94971.296875,56188.00390625
2024-07-29,98010.3828125,57558.44140625
2024-07-30,97250.6171875,57986.703125
2024-07-31,97706.4765625,61327.15234375
2024-08-01,94819.3515625,60213.66796875
2024-08-02,93603.7109375,61241.49609375
2024-08-05,90108.765625,59442.79296875
2024-08-06,91780.265625,62269.328125
2024-08-07,92691.9921875,63211.5
2024-08-08,92236.125,62269.328125
2024-08-09,96414.8515625,62783.23828125
2024-08-12,98770.15625,62526.28515625
2024-08-13,98542.21875,63211.5
2024-08-14,98390.265625,63382.80859375
2024-08-15,97782.453125,63211.5
2024-08-16,99226.015625,63211.5
2024-08-19,99150.03125,65095.85546875
2024-08-20,99909.8046875,64753.24609375
2024-08-21,101429.34375,64496.28515625
2024-08-22,101657.28125,63554.1171875
2024-08-23,101125.4375,64153.671875
2024-08-26,99909.8046875,62868.89453125
2024-08-28,101277.390625,63297.14453125
2024-08-29,101581.3046875,62954.54296875
2024-08-30,102417.046875,63297.14453125
2024-09-04,101049.46875,63639.76171875
2024-09-05,99226.015625,63982.375
2024-09-06,100365.6640625,64581.9375
2024-09-09,99757.8515625,64068.02734375
2024-09-10,98770.15625,64153.671875
2024-09-11,99226.015625,63896.7265625
2024-09-12,100517.625,63982.375
2024-09-13,101049.46875,62440.6328125
2024-09-16,99605.8984375,61584.1015625
2024-09-17,100973.4921875,62868.89453125
2024-09-18,102265.09375,62783.23828125
2024-09-19,102720.96875,62783.23828125
2024-09-20,102796.9375,62269.328125
2024-09-23,101809.2265625,62440.6328125
2024-09-24,102189.125,62307.68359375
2024-09-25,102417.046875,61687.26171875
2024-09-26,102037.1640625,62662.20703125
2024-09-27,101961.1796875,62928.1015625
2024-09-30,102189.125,62130.421875
2024-10-01,103252.796875,62130.421875
2024-10-02,102872.9140625,62130.421875
2024-10-03,101809.2265625,62307.68359375
2024-10-04,101885.2109375,60712.3203125
2024-10-07,101885.2109375,59471.484375
2024-10-09,102872.9140625,60091.90625
2024-10-11,106063.953125,60003.26953125
2024-10-14,104544.40625,59560.11328125
2024-10-15,104088.546875,59205.59375
2024-10-16,103556.7109375,59826.01171875
2024-10-17,104088.546875,59914.640625
2024-10-18,104088.546875,59737.3828125
2024-10-21,102948.890625,59648.75
2024-10-22,101125.4375,59648.75
2024-10-23,101961.1796875,59648.75
2024-10-24,102037.1640625,60623.69140625
2024-10-25,101809.2265625,60269.1640625
2024-10-28,102493.0234375,59560.11328125
2024-10-29,102872.9140625,59382.85546875
2024-10-31,103252.796875,58585.171875
2024-11-01,102265.09375,58319.28515625
2024-11-04,100897.5078125,58142.01953125
2024-11-06,102265.09375,58319.28515625
2024-11-07,102644.984375,58407.9140625
2024-11-11,105076.2421875,57787.49609375
2024-11-12,103936.5859375,57521.59765625
2024-11-13,104696.359375,57610.234375
2024-11-14,103328.7734375,57610.234375
2024-11-15,101733.265625,56458.02734375
2024-11-18,101809.2265625,56014.87109375
2024-11-19,98770.15625,55837.61328125
2024-11-20,100593.59375,56369.3984375
2024-11-21,101049.46875,56635.2890625
2024-11-22,101733.265625,56989.8125
2024-11-25,101733.265625,56989.8125
2024-11-26,102720.96875,57432.96875
2024-11-27,105532.1171875,57255.7109375
2024-11-28,105911.984375,57167.07421875
2024-11-29,109634.875,57255.7109375
2024-12-02,108793.2890625,57167.07421875
2024-12-03,110935.5,56635.2890625
2024-12-04,109787.8828125,56103.5
2024-12-05,113613.2421875,56989.8125
2024-12-09,112465.6328125,56812.55078125
2024-12-10,114378.328125,56635.2890625
2024-12-11,115143.390625,56901.18359375
2024-12-12,114913.8671875,57255.7109375
2024-12-13,114378.328125,56901.18359375
2024-12-16,114684.34375,57610.234375
2024-12-18,113766.2578125,57344.33984375
2024-12-19,113307.21875,56635.2890625
2024-12-20,114378.328125,57610.234375
2024-12-23,114607.8359375,57078.44140625
2024-12-24,115066.8828125,56989.8125
2024-12-25,115372.9140625,57078.44140625
2024-12-26,114607.8359375,56989.12109375
2024-12-27,114454.8203125,56989.12109375
2024-12-30,115143.390625,56542.49609375
2024-12-31,116673.5390625,56631.8203125
2025-01-02,116290.9921875,56363.84765625
2025-01-03,113995.78125,56274.5234375
2025-01-06,114225.296875,55827.90234375
2025-01-07,114837.359375,55113.3046875
2025-01-08,113460.2265625,55113.3046875
2025-01-09,113842.7734375,55202.6328125
2025-01-13,112924.6796875,54845.33203125
2025-01-14,111012.0,55023.98046875
2025-01-15,111318.03125,55113.3046875
2025-01-16,111318.03125,55113.3046875
2025-01-17,113995.78125,55381.28125
2025-01-20,114760.8515625,55291.95703125
2025-01-21,114684.34375,55202.6328125
2025-01-22,114531.3359375,55023.98046875
2025-01-23,118050.6640625,55381.28125
2025-01-24,117362.1015625,55559.9296875
2025-02-03,111318.03125,54041.40625
2025-02-04,111853.5859375,53773.43359375
2025-02-05,111930.0859375,54934.65625
2025-02-06,112083.09375,54220.0546875
2025-02-07,111777.0703125,54309.3828125
2025-02-10,108640.2734375,54130.73046875
2025-02-11,111241.515625,53952.08203125
2025-02-12,110935.5,54488.03515625
2025-02-13,109481.8515625,54220.0546875
2025-02-14,110858.9765625,53862.7578125
2025-02-17,109864.390625,53594.78515625
2025-02-18,110093.90625,53862.7578125
2025-02-19,110170.421875,54309.3828125
2025-02-20,109405.34375,54220.0546875
2025-02-21,108640.2734375,54845.33203125
2025-02-24,107492.6640625,56989.12109375
2025-02-25,106345.0546875,56185.19921875
2025-02-26,108487.2578125,56363.84765625
2025-02-27,108104.71875,55559.9296875
2025-02-28,107339.6484375,55559.9296875
2025-03-03,107492.6640625,56453.171875
2025-03-04,107110.1328125,56721.14453125
2025-03-05,106421.5703125,56006.55078125
2025-03-06,108334.2421875,56185.19921875
2025-03-07,108181.234375,56006.55078125
2025-03-10,106574.578125,55827.90234375
2025-03-11,105197.4453125,55738.578125
2025-03-12,103973.328125,55559.9296875
2025-03-13,104432.3828125,55381.28125
2025-03-14,100530.5,55470.60546875
2025-03-17,99459.40625,56274.5234375
2025-03-18,99459.40625,55827.90234375
2025-03-19,95328.015625,55649.25390625
2025-03-20,95634.0390625,55202.6328125
2025-03-21,97929.265625,54756.0078125
2025-03-24,98694.3359375,54845.33203125
2025-03-25,96781.6484375,54845.33203125
2025-03-26,94103.8984375,54666.68359375
2025-03-27,96552.1328125,54577.359375
2025-03-28,94868.9765625,53862.7578125
2025-03-31,92573.75,54130.73046875
2025-04-01,92191.21875,54309.3828125
2025-04-02,93338.828125,54041.40625
2025-04-03,86835.703125,50468.421875
2025-04-04,86453.1796875,52254.91796875
2025-04-08,80409.109375,48681.93359375
2025-04-09,80562.125,46448.8125
2025-04-10,86147.140625,49664.5
2025-04-11,90661.078125,51361.671875
2025-04-14,90661.078125,50825.72265625
2025-04-15,88748.390625,50289.7734375
2025-04-16,82551.3125,50021.796875
2025-04-17,83698.9140625,50021.796875
2025-04-18,85382.0703125,50557.75
2025-04-21,85458.5859375,50647.07421875
2025-04-22,84463.984375,50021.796875
2025-04-23,84463.984375,50379.09765625
2025-04-24,85688.1015625,50289.7734375
2025-04-25,85994.1328125,52076.26953125
2025-04-28,83775.4296875,51361.671875
2025-04-29,83698.9140625,51450.99609375
2025-05-05,83086.859375,51450.99609375
2025-05-06,83086.859375,50825.72265625
2025-05-07,83928.4375,50825.72265625
2025-05-08,83928.4375,51093.69921875
2025-05-09,87447.7734375,51272.34765625
2025-05-12,90508.0703125,51272.34765625
2025-05-13,90508.0703125,52344.2421875
2025-05-14,91426.1484375,54101.37890625
2025-05-15,96628.640625,51974.3125
2025-05-16,95634.0390625,52529.203125
2025-05-19,90431.5546875,51789.3515625
2025-05-20,90431.5546875,51789.3515625
2025-05-21,91196.625,51696.87109375
2025-05-22,90508.0703125,51234.46875
2025-05-23,89360.4453125,50864.54296875
2025-05-26,89742.9921875,51511.91015625
2025-05-27,89742.9921875,51511.91015625
2025-05-28,91043.609375,51234.46875
2025-05-29,90584.5625,51049.50390625
2025-05-30,89589.96875,50957.0234375
2025-06-02,88824.8984375,50494.62109375
2025-06-03,88824.8984375,50494.62109375
2025-06-04,89819.4921875,51326.94921875
2025-06-05,89589.96875,52621.68359375
2025-06-06,89360.4453125,52066.796875
2025-06-09,88901.40625,51141.984375
2025-06-10,88901.40625,51141.984375
2025-06-11,88518.875,51141.984375
2025-06-12,90988.4453125,51049.50390625
2025-06-13,90293.875,51696.87109375
2025-06-16,91837.3671875,52066.796875
2025-06-17,91837.3671875,52066.796875
2025-06-18,91683.015625,51974.3125
2025-06-19,90293.875,51789.3515625
2025-06-20,89522.1328125,51881.83203125
2025-06-23,89444.9609375,51696.87109375
2025-06-24,89444.9609375,51696.87109375
2025-06-25,89908.0078125,52159.27734375
2025-06-26,90371.0546875,52529.203125
2025-06-27,90293.875,52159.27734375
2025-06-30,91219.96875,53638.97265625
2025-07-01,91219.96875,53638.97265625
2025-07-02,91683.015625,53176.5703125
2025-07-04,91065.625,53176.5703125
2025-07-07,95541.7265625,53546.4921875
2025-07-08,95541.7265625,53546.4921875
2025-07-09,96081.9453125,54563.78515625
2025-07-10,94769.9921875,55673.5546875
2025-07-11,95618.8984375,55211.1484375
2025-07-14,98088.4765625,55766.03515625
2025-07-15,98088.4765625,55766.03515625
2025-07-16,97239.5625,55581.07421875
2025-07-17,97471.078125,55581.07421875
2025-07-18,98011.3046875,55581.07421875
2025-07-21,97891.6875,55488.59375
2025-07-22,97891.6875,55488.59375
2025-07-23,99489.1875,55673.5546875
2025-07-24,99222.9453125,57060.76953125
2025-07-25,98601.6875,58910.390625
2025-07-28,98779.1875,58540.46484375
2025-07-29,98779.1875,58540.46484375
2025-07-30,94075.4140625,58447.984375
2025-07-31,94164.171875,58170.54296875
2025-08-01,92300.40625,56598.3671875
2025-08-04,94607.921875,55858.515625
2025-08-05,94607.921875,55858.515625
2025-08-06,93897.9140625,55581.07421875
2025-08-07,93099.15625,56690.84765625
2025-08-08,94252.9140625,56320.92578125
2025-08-11,94430.4140625,56875.80859375
2025-08-12,94430.4140625,56875.80859375
2025-08-13,95406.671875,57153.25390625
2025-08-14,93276.6640625,56505.88671875
2025-08-15,92122.90625,57060.76953125
2025-08-18,89194.140625,56135.95703125
2025-08-19,89194.140625,56135.95703125
2025-08-20,89016.640625,55950.99609375
2025-08-21,86709.1328125,55488.59375
2025-08-22,90259.15625,55581.07421875
2025-08-25,87685.3828125,54286.33984375
2025-08-26,87685.3828125,54286.33984375
2025-08-27,88750.3984375,55211.1484375
2025-08-28,93187.9140625,55950.99609375
2025-08-29,92744.15625,56413.40625
2025-09-03,91590.40625,56875.80859375
2025-09-04,91590.40625,56875.80859375
2025-09-05,93187.9140625,57153.25390625
2025-09-08,90436.65625,56043.4765625
2025-09-09,90436.65625,56043.4765625
2025-09-10,90614.1484375,55766.03515625
2025-09-11,89815.3984375,55303.62890625
2025-09-12,90525.3984375,56598.3671875
2025-09-15,90436.65625,56598.3671875
2025-09-16,90436.65625,58355.50390625
2025-09-17,91856.65625,59835.19921875
2025-09-18,93631.671875,60205.125
2025-09-19,91412.90625,58817.91015625
2025-09-22,88484.140625,56783.328125
2025-09-23,88484.140625,56783.328125
2025-09-24,86975.3828125,56968.2890625
2025-09-25,88306.640625,57338.21484375
2025-09-29,84756.625,55766.03515625
2025-09-30,84756.625,55766.03515625
2025-10-01,82537.8671875,55488.59375
2025-10-02,82892.8671875,57430.6953125
2025-10-03,81739.109375,56598.3671875
2025-10-06,84756.625,57708.13671875
2025-10-07,84756.625,57708.13671875
2025-10-08,84756.625,56783.328125
2025-10-09,83869.125,58632.9453125
2025-10-10,83602.875,58170.54296875
2025-10-13,83425.3671875,59187.83203125
2025-10-14,83425.3671875,59187.83203125
2025-10-15,82005.3671875,58725.42578125
2025-10-16,79520.3515625,61581.81640625
2025-10-17,79697.859375,59257.9765625
2025-10-20,77212.8359375,53254.71484375
2025-10-21,77212.8359375,53254.71484375
2025-10-22,82537.8671875,54707.1171875
2025-10-23,86087.8828125,54513.46484375
2025-10-24,84312.8671875,54803.9453125
2025-10-27,86975.3828125,55191.25
2025-10-28,86975.3828125,55191.25
2025-10-29,90702.8984375,55578.55859375
2025-10-30,90259.15625,55675.3828125
2025-10-31,91146.6484375,55288.078125
2025-11-03,93187.9140625,55481.73046875
2025-11-04,91679.15625,55481.73046875
2025-11-05,91679.15625,55481.73046875
2025-11-06,88927.890625,56159.51953125
2025-11-07,89637.8984375,55772.2109375
2025-11-10,85377.8828125,55191.25
2025-11-11,85289.125,57030.9609375
2025-11-12,89282.8984375,57902.3984375
2025-11-13,87774.140625,59838.93359375
2025-11-14,88750.3984375,60807.203125
2025-11-17,89637.8984375,60129.4140625
2025-11-18,88750.3984375,58773.83984375
2025-11-19,86975.3828125,58967.49609375
2025-11-20,87862.8828125,58773.83984375
2025-11-21,89460.3984375,57999.2265625
2025-11-24,88927.890625,61000.85546875
2025-11-25,88484.140625,59935.76171875
2025-11-26,87862.8828125,60807.203125
2025-11-27,88306.640625,60032.58984375
2025-11-28,86176.625,61969.125
2025-12-01,86625.0,62840.56640625
2025-12-02,86625.0,62937.390625
2025-12-03,86625.0,62550.0859375
2025-12-04,87432.0703125,62550.0859375
2025-12-05,86266.3046875,61388.1640625
2025-12-08,85638.5859375,61484.98828125
2025-12-09,86894.0234375,60516.72265625
2025-12-10,85728.265625,61097.68359375
2025-12-11,86086.9609375,59548.453125
2025-12-12,84024.4609375,58289.70703125
2025-12-15,84114.1328125,60032.58984375
2025-12-16,85100.546875,62162.77734375
2025-12-17,85997.2890625,60904.03125
2025-12-18,85997.2890625,60904.03125
2025-12-19,84203.8046875,61969.125
2025-12-22,84024.4609375,61194.51171875
2025-12-23,84293.484375,60613.55078125
2025-12-24,83934.78125,59548.453125
2025-12-25,83934.78125,59548.453125
2025-12-26,82948.3671875,59548.453125
2025-12-29,84562.5,60129.4140625
2025-12-30,86535.328125,59838.93359375
2025-12-31,85907.609375,59257.9765625
2026-01-05,85190.21875,58386.53515625
2026-01-06,84293.484375,58870.66796875
2026-01-07,87432.0703125,58967.49609375
2026-01-08,86535.328125,60226.2421875
2026-01-09,87342.390625,59064.3203125
2026-01-12,89225.546875,60710.375
2026-01-13,88687.5078125,61291.3359375
2026-01-14,89494.5703125,65551.7109375
2026-01-15,88328.8046875,68747.0
2026-01-16,94426.6328125,67391.421875
2026-01-19,94875.0,68359.6875
2026-01-20,93350.546875,71070.8359375
2026-01-21,94157.609375,68069.2109375
2026-01-22,92812.5,68650.171875
2026-01-23,90570.6484375,65067.578125
2026-01-26,88328.8046875,66713.6328125
2026-01-27,91557.0625,65551.7109375
2026-01-28,93709.2421875,65551.7109375
2026-01-29,95144.0234375,68843.8203125
2026-01-30,93709.2421875,68359.6875
2026-02-02,93529.890625,70296.2265625
2026-02-03,93171.1953125,69327.9609375
2026-02-04,91377.71875,69715.265625
2026-02-05,88777.171875,66907.2890625
2026-02-06,87521.7421875,66907.2890625
2026-02-09,88777.171875,67391.421875
2026-02-10,87701.09375,66229.5
2026-02-11,88418.484375,66907.2890625
2026-02-12,88597.828125,66810.4609375
2026-02-13,86355.9765625,67294.59375
2026-02-23,84741.8515625,68359.6875
2026-02-24,82948.3671875,67972.3828125
2026-02-25,79899.4609375,70005.7421875
2026-02-26,81154.890625,68359.6875
2026-02-27,83307.0703125,66035.84375
2026-03-02,80347.828125,64486.62109375
2026-03-03,80347.828125,64486.62109375
2026-03-04,76312.5,62840.56640625
2026-03-05,75684.78125,61194.51171875
2026-03-06,73173.9140625,60419.89453125
2026-03-09,68062.5,56256.34375
2026-03-10,71290.7578125,60129.4140625
2026-03-11,71918.484375,61000.85546875
2026-03-12,69676.6328125,59645.28125
2026-03-13,69048.9140625,61097.68359375
2026-03-16,70125.0,59838.93359375
2026-03-17,71201.09375,59548.453125
2026-03-18,70483.6953125,59742.109375
2026-03-19,68869.5625,59064.3203125
2026-03-20,66896.734375,58096.0546875
2026-03-23,65551.6328125,58870.66796875
2026-03-24,67614.1328125,59257.9765625
2026-03-25,69048.9140625,60129.4140625
2026-03-26,66538.046875,59064.3203125
2026-03-27,68241.8515625,59548.453125
2026-03-30,66358.6953125,58677.015625
2026-03-31,66986.4140625,58580.1875
2026-04-01,67524.4609375,59354.80078125
2026-04-02,66986.4140625,58870.66796875
2026-04-03,66358.6953125,58096.0546875
2026-04-06,66269.0234375,58967.49609375
2026-04-07,66358.6953125,59064.3203125
2026-04-08,70932.0703125,60613.55078125
2026-04-09,70214.6796875,59838.93359375
2026-04-10,69676.6328125,60807.203125
2026-04-13,68152.171875,60807.203125
2026-04-14,68331.5234375,60032.58984375
2026-04-15,67345.109375,59354.80078125
2026-04-16,66448.3671875,59161.1484375
2026-04-17,68152.171875,59354.80078125
2026-04-20,68959.2421875,59548.453125
2026-04-21,67345.109375,59645.28125
2026-04-22,66896.734375,59838.93359375
2026-04-23,66627.71875,60032.58984375
2026-04-24,65820.65625,59451.62890625
2026-04-28,66717.3984375,59257.9765625
2026-04-29,67703.8125,58967.49609375
2026-05-04,66089.671875,58967.49609375
2026-05-05,66627.71875,59161.1484375
2026-05-06,65730.984375,59548.453125
2026-05-07,65461.953125,59548.453125
2026-05-08,64475.546875,58967.49609375
2026-05-11,62771.73828125,58677.015625
2026-05-12,63309.78125,58192.87890625
2026-05-13,63399.45703125,57418.265625
2026-05-14,66269.0234375,58192.87890625
2026-05-15,65372.28125,57902.3984375
2026-05-18,67165.7578125,58580.1875
2026-05-19,66807.0703125,57902.3984375
2026-05-20,69676.6328125,57224.61328125
2026-05-21,68600.546875,57127.78515625
2026-05-22,67345.109375,57611.91796875
2026-05-25,65910.328125,57224.61328125
2026-05-26,66807.0703125,57224.61328125
2026-05-27,66000.0078125,56934.1328125
2026-05-28,64727.2734375,57127.78515625
2026-05-29,65090.91015625,57321.44140625
2026-06-01,66272.7265625,57224.61328125
2026-06-02,68000.0,56740.48046875
2026-06-03,69545.453125,56450.0
2026-06-04,69181.8203125,56740.48046875
2026-06-05,68181.8203125,56546.82421875
2026-06-08,66272.7265625,56159.51953125
2026-06-09,67000.0,56450.0
2026-06-10,67454.546875,57030.9609375
2026-06-11,66454.546875,57321.44140625
2026-06-12,66818.1796875,57127.78515625
2026-06-15,66909.09375,57805.57421875
2026-06-16,66545.453125,57224.61328125
2026-06-17,65727.2734375,57127.78515625
2026-06-18,65090.91015625,57321.44140625
2026-06-19,65000.0,57127.78515625
2026-06-22,64181.81640625,56740.48046875
2026-06-23,64363.63671875,56546.82421875
2026-06-24,64363.63671875,56450.0
2026-06-25,64545.453125,56450.0
2026-06-26,64363.63671875,56300.0
2026-06-29,64000.0,56100.0
2026-06-30,63818.18359375,54800.0
2026-07-01,63818.18359375,54800.0
2026-07-02,65909.09375,55500.0
2026-07-03,65727.2734375,54900.0
2026-07-06,66363.6328125,55300.0
2026-07-07,66545.453125,55100.0
2026-07-08,65545.453125,55700.0
2026-07-09,65545.453125,55700.0
2026-07-10,64181.81640625,56600.0
2026-07-13,64090.91015625,55400.0
2026-07-14,63909.08984375,56000.0
2026-07-15,60727.2734375,56200.0
2026-07-16,61818.18359375,56200.0
2026-07-17,60909.08984375,59000.0
2026-07-20,61000.0,58500.0
2026-07-21,58909.08984375,58400.0
2026-07-22,58727.2734375,59100.0
2026-07-23,58818.18359375,57800.0
2026-07-24,57181.81640625,58900.0
2026-07-27,56545.453125,57900.0
2026-07-28,57272.7265625,59600.0
2026-07-29,59181.81640625,60000.0
2026-07-30,60909.08984375,61200.0
2026-07-31,61000.0,60900.0
2026-08-03,65181.81640625,60300.0
2026-08-04,65000.0,59500.0
2026-08-05,63909.08984375,58600.0
2026-08-06,64272.7265625,59000.0
2026-08-07,64363.63671875,62000.0
2026-08-10,65272.7265625,62100.0
2026-08-11,64727.2734375,62000.0
2026-08-12,64363.63671875,61800.0
2026-08-13,62909.08984375,61600.0
2026-08-14,62090.91015625,61600.0
2026-08-17,62545.453125,62200.0
2026-08-18,62727.2734375,62100.0
2026-08-19,62636.36328125,63100.0
2026-08-20,63454.546875,64000.0
2026-08-21,65454.546875,63800.0
2026-08-24,64909.08984375,63200.0
2026-08-25,64272.7265625,62600.0
2026-08-26,66000.0,62800.0
2026-08-27,65636.3671875,62500.0
2026-08-28,66545.453125,62300.0
2026-09-03,65636.3671875,61200.0
2026-09-04,66181.8203125,61900.0
2026-09-07,65818.1796875,60700.0
2026-09-08,65636.3671875,61000.0
2026-09-09,65636.3671875,61000.0
2026-09-10,67727.2734375,61600.0
2026-09-11,66090.90625,59900.0
2026-09-14,65818.1796875,59300.0
2026-09-15,66090.90625,59700.0
2026-09-16,67090.90625,59600.0
2026-09-17,67545.453125,60200.0
2026-09-18,65181.81640625,61200.0
2026-09-21,65181.81640625,60300.0
2026-09-22,66400.0,61200.0
2026-09-23,66100.0,60500.0
2026-09-24,65300.0,60600.0
2026-09-25,64700.0,59800.0
